cbo_2002,descricao_atividade,total_registros
521110,Consultor de vendas,663792
411005,Auxiliar administrativo,557051
411010,Agente administrativo,499727
514320,Auxiliar de limpeza,429292
784205,Abastecedor de linha de produção,300286
421125,Atendente de pedágio,239211
513435,"Ajudante, auxiliar de bar",237158
517410,Guariteiro,233168
513205,Cozinheiro de restaurante,226833
717020,Ajudante de obras,216698
422310,Operador de teleatendimento híbrido (telemarketing),195295
517330,Agente de segurança ferroviária,186868
322205,Técnico em hemotransfusão,180584
782510,Carreteiro (motorista de caminhão carreta),175445
422105,Agente de tráfego,162324
521125,Arrumador de prateleiras em supermercados,155700
414105,Auxiliar de almoxarifado,146899
514225,Coletor de lixo hospitalar,131713
212405,Analista de desenvolvimento de software,127811
513505,Ajudante de churrasqueiro,121714
422305,Operador de teleatendimento ativo (telemarketing),116334
521115,Consultor de vendas,106260
721215,Auxiliar de torneiro mecânico,101729
410105,Agente administrativo supervisor,99896
715210,Entaipador,99832
783225,Ajudante de carga e descarga de mercadoria,86929
521140,Atendente balconista,84322
354125,Vendedor de informações comerciais,79644
513405,Atendente de buffet,78959
142105,Gerente administrativo e financeiro,73178
862150,Manipulador de máquinas fixas,72755
252105,Administrador de empresas,71628
223505,Instrumentador cirúrgico (enfermeiro),69581
521105,Consultor de vendas,69153
782310,Condutor de veículo de carga,67786
784105,Ajudante de embalador,67466
322230,Auxiliar de ambulatório,60959
331110,Atendente de creche,60161
514325,Auxiliar de conservação de barragens,59489
521135,Atendente de posto de gasolina,57998
514210,Agente de coleta de lixo,57275
234505,Docente de ensino superior na área de didática,57264
422315,Atendente central telemarketing,54640
351405,Escrevente extra judicial,53108
782305,Chofer,52599
141415,Administrador no comércio de mercadorias,48563
848510,Ajudante de açougueiro (comércio),47195
142305,Encarregado de supermercado,46395
519110,Bikeboy,46383
142320,Gerente de departamento de vendas,45879
520110,Supervisor comercial,45741
914405,Afinador de motores de automóveis,45161
517420,Vigia de rua,44743
413110,Assistente de serviço de contabilidade,43776
911305,Ajustador de máquinas de embalagem,42561
422110,Atendente de ambulatório,41926
513425,Auxiliar de serviço de copa,41849
731180,Operador de máquinas de linha de montagem (aparelhos eletrônicos),41705
414215,Conferente de faturas e notas fiscais,40323
252210,Administrador de contadorias e registros fiscais,40100
782220,Motorista de empilhadeira,40014
521130,Ajudante de farmácia,38255
331205,Professor de ensino fundamental de primeira a quarta séries,37630
391205,Agente de inspeção (qualidade),37281
414110,Auxiliar de armazenamento,37083
252405,Analista de cargos e salários,35717
783210,Auxiliar de serviços no aeroporto,34918
354130,Representante técnico de vendas,34315
391115,Apontador de tempo (produção),34312
141510,Administrador de refeitório,33693
141410,Adegueiro,33220
514110,Encarregado de garagem,32915
212420,Analista de suporte,32657
351305,Chefe de recurso de glosa de contas de convênios (administração de hospital),31974
371410,Go gentil organizador,31969
716610,Ajudante de pintor,31472
414140,Auxiliar operacional de logística,31379
223405,Farmacêutico auditor,31237
511215,Trocador,30608
724315,Montador soldador,30119
715615,Ajudante de eletricista,29669
252305,Assessor de diretoria,29106
710205,Construtor civil,28874
313215,Auxiliar de eletrônica,28567
354205,"Arrematador, no comércio",28409
622010,Jardineiro (árvores para ornamentação urbana),26959
514120,Zelador,26747
813125,"Operador de manufaturado (química, petroquímica e afins)",26714
511105,Aeromoça,25815
848305,Encarregado de padaria,25293
331105,Educador infantil de nível médio,24873
322415,Atendente de clínica dentária,24305
234520,Docente do ensino superior na área de prática de ensino,24293
951105,Eletricista,24238
412205,Chasquil,23897
351605,Supervisor de segurança do trabalho,23673
225125,Clínico geral,23208
724440,Ajudante de serralheiro,23195
715505,Carapina,22637
724110,Auxiliar de encanador,21698
811715,Confeccionador de câmaras de ar,21434
421310,Analista de cobrança,21329
514310,Auxiliar de manutenção de edificações,20965
317110,Desenvolvedor de sustentação de ti (técnico),20847
215305,Aviador civil,20691
421105,Atendente comercial em agência postal,20671
519935,Ajudante de lavador de automóvel,20609
354145,Consultor de produtos farmacêuticos,20033
992225,Asfaltador na conservação de vias permanentes (exceto trilhos),19805
862155,Manipulador de máquinas fixas,19780
763210,Auxiliar de costura,19583
771105,Auxiliar de marceneiro,19516
231205,Professor de suplência do ensino fundamental (primeira a quarta série),19485
231210,Professor das séries iniciais,19337
621005,Agregado na agropecuária,19241
513315,Arrumadeira de hotel,19238
142330,Especialista de comunicação em relações públicas,18922
521120,Arrumador de prateleiras em supermercados,18519
411030,Apontador de cartões de ponto,18517
783215,Carregador de caminhão,18512
724205,Colocador de estruturas metálicas,18385
524105,Vendedor de consórcio,18231
354120,Vendedor de informações comerciais,18153
783205,Auxiliar de serviços no aeroporto,18153
420135,Encarregado de telemarketing,17629
231105,Professor de ensino pré escolar,17232
414210,Anotador de processo de produção,16941
354135,Representante técnico de vendas,16842
141205,Banguezeiro empregador,15928
721210,Broqueador de cilindros,15916
317210,Analista de service desk,15915
715525,Carpinteiro (obras),15858
212410,Analista de comunicação (teleprocessamento),15694
732105,Auxiliar técnico de eletricidade de linhas de transmissão,15488
848310,Alfeloeiro,15139
517305,Vigilante de aeroporto,14854
513415,Auxiliar de garçom,14765
515105,Agente de saúde,14697
516210,Acompanhante de idosos,14693
513420,Atendente de bar,14545
517215,Guarda civil metropolitano,14458
391125,Calculista de produção,14416
732130,Ajudante de reparador (telecomunicações),14336
214205,Engenheiro de planejamento,14282
142115,Gerente de administração financeira,13962
342535,Atendente de aeroporto,13856
239405,Auxiliar de coordenador escolar,13551
324115,Operador de raio x,13456
411045,Auxiliar de tráfego de exportação e importação,13400
333110,Instrutor de equitação para equoterapia,13365
415205,Carteiro motorizado,13220
413115,Faturista,13190
317205,Operador de computador (inclusive microcomputador,13070
514205,Agente de coleta de lixo,13057
142520,Coordenador de projetos de tecnologia da informação,12969
414125,Auxiliar de estoque,12852
142335,Analista de estudos de mercado,12777
774105,Montador de artefatos de madeira,12775
422320,Operador de suporte técnico (telemarketing),12710
841408,Assistente de cozinhador,12567
224120,Personal treanning,12518
241005,Advogado generalista,12518
313220,Auxiliar de eletrônica,12497
391210,Analista de controle de qualidade,12489
721225,Preparador de ferramentas para máquinas ferramenta,12283
252545,Analista de planejamento financeiro,12257
313205,Eletrônico de manutenção,12194
252205,Auditor contábil,12139
725105,Montador de acessórios,11993
422205,Operador de centro telefônico,11890
313315,Analisador de tráfego telefônico,11799
914425,Afinador de motores a diesel,11770
221105,Analista de micróbios,11735
517425,Assistente de prevenção de perdas,11709
715230,Alvanel,11692
324205,Técnico de laboratório de análises clínicas,11684
311105,Analista de laboratório químico,11609
313130,Técnico de eletricidade,11608
342125,Analista de logística de transporte,11411
314110,Auxiliar técnico de mecânica,11360
223710,Nutricionista (saúde pública),11286
212210,Engenheiro de hardware computacional,11250
513430,Auxiliar de serviço de copa,11224
212205,Engenheiro de sistemas computacionais aplicativos,11078
142605,Chefe de desenvolvimento de novos produtos,10938
312105,Assistente de engenharia (construção civil),10786
239410,Auxiliar de orientação educacional,10768
725205,Instalador de máquinas,10643
422120,Guest relations,10517
334110,Agente de organização escolar,10367
342105,Agente de comércio exterior,10365
251215,Analista de controle orçamentário (economista),10243
234515,Docente de ensino superior na área de pesquisa educacional,10181
334105,Agente de organização escolar,10101
142315,Gerente de coordenação de marketing,10100
725010,Afinador mecânico,10015
841810,Baleiro (fabricação),9919
253120,Coordenador de mídia,9894
214305,Engenheiro eletrotécnico,9815
715315,Armador de ferragens na construção civil,9763
313310,Técnico de teleprocessamento,9626
784110,"Ajudante de ensacador, a máquina",9467
716405,Gesseiro de decoração,9397
715125,Operador de máquina de terraplenagem,9242
841745,Ajudante de fabricação na indústria de bebidas,9195
515215,Auxiliar técnico em patologia cínica,9141
142705,Coordenador de projetos de manutenção,9124
519940,"Anotador de consumo de energia elétrica, água e gás",9109
763215,Costureira de máquina overloque,9078
141615,Gerente de armazém,9070
721105,Ferramenteiro de bancada,9017
715305,Armador de ferragens na construção civil,8751
342120,Agenciador de cargas,8673
715610,Eletricista de instalações comerciais e residenciais,8662
517415,Controlador de acesso,8651
333115,Instrutor de equitação para equoterapia,8602
395105,Técnico de apoio em pesquisa e desenvolvimento de processos,8576
301105,Auxiliar de laboratorista (indústria),8547
731320,Instalador de aparelhos telefônicos,8485
517310,Segurança comunitário,8411
715545,Carpinteiro de pontes,8311
724220,Ajudante de estruturas metálicas,8256
141405,Adeleiro  (comércio atacadista),8241
333105,Instrutor de equitação para equoterapia,8221
351505,Secretária (técnico em secretariado português),8156
517220,Agente de transporte e trânsito,8112
410205,Encarregado de almoxarifado,8040
142205,Coordenador de rh,8009
262410,Desenhista de editorial,8005
811805,Drageador,7989
514215,Gari,7977
811420,Operador de reator (produtos químicos exceto petróleo),7946
214340,Engenheiro de comutação,7893
354815,Consultor de viagem,7812
214905,Engenheiro de organização e métodos,7783
911205,Auxiliar mecânico de ar condicionado,7724
724410,Caldeireiro de manutenção,7711
351425,Oficial judiciário,7473
766315,Dobrador gráfico,7432
516345,Passador de roupas em calandra,7400
231110,Professor de creche,7382
732120,Eletricista de alta tensão,7334
111345,Juiz dos tribunais militares estaduais,7270
313120,Técnico de manutenção industrial,7213
214405,Engenheiro de manutenção de veículos,7128
411025,Apontador de cartões de ponto,7103
515305,Arte educador,7057
723315,Pintor de metais a  pistola,7032
516110,Ajudante de cabeleireiro,6973
413105,Calculista de folha de pagamento,6958
721430,Torneiro cnc,6935
141710,Administrador de carteiras de câmbio e comércio exterior,6928
234616,Professor de inglês,6881
391215,Auxiliar de técnico de controle de qualidade,6856
519925,Flanelinha,6840
141515,Gerente administrativo de lanchonete,6799
421120,Agente de passagens,6780
131310,Diretor de caic público,6747
991305,Chapista de veículos,6716
515210,Flebotomista,6697
233215,Instrutor de aprendizagem comercial,6669
239415,Auxiliar de orientação pedagógica,6662
411020,Agente administrativo,6660
731150,Instalador de som,6653
224125,Treinador assistente de modalidade esportiva,6546
351430,Auxiliar jurídico,6522
231310,Professor de artes do ensino fundamental de de 5ª a 8ª série ,6497
515225,Auxiliar técnico em patologia cínica,6462
510310,Inspetor de segurança,6459
223208,Dentista,6458
354150,Consultor de produtos farmacêuticos,6450
231335,Professor de língua portuguesa no ensino supletivo do ensino fundamental de 5ª a 8ª série,6349
142510,Coordenador de desenvolvimento de ti,6326
953115,Eletricista de instalações de veículos automotores,6295
732110,Ajudante de cabista,6290
214910,Engenheiro de qualidade,6234
352210,Agente de saneamento,6156
325115,Manipulador em laboratório de farmácia,6035
848315,Ajudante de pasteleiro,6028
231315,Professor de educação física na educação de jovens e adultos do ensino fundamental de 5ª a 8ª série ,5988
723215,Auxiliar de galvanização,5985
411040,Auxiliar técnico de seguros,5950
354140,Representante técnico de vendas,5942
331305,Docente de nível médio no ensino profissionalizante,5897
212315,Administrador de sistemas computacionais,5866
512105,Caseiro,5846
731110,Montador de computadores e equipamentos auxiliares,5844
342305,Assistente de tráfego rodoviário,5815
212310,Administrador de rede e de sistemas computacionais,5800
222110,Agrônomo,5757
314310,Técnico aeronáutico,5741
763125,Auxiliar de confecção,5715
410225,Auxiliar de crédito,5704
523110,Instalador de película solar (insulfilm),5702
511210,Auxiliar de operação,5670
622425,Floricultor no cultivo de plantas ornamentais,5609
203210,Engenheiro pesquisador (outras áreas da engenharia),5601
342315,Chefe de armazém (técnicos em transportes rodoviários),5566
910105,Chefe de manutenção mecânica de sistemas operacionais,5563
511205,Agente de serviços de fiscalização de transportes coletivos e licenciamento de veículos,5534
225124,Hebeatra,5479
313115,Encarregado de manutenção,5477
811770,Injetor de plástico,5460
991105,Auxiliar de manutenção de linha férrea,5434
142405,Administrador de compras,5400
412110,Digitador de terminal,5384
253115,Coordenador de mídia,5308
271105,Chef,5270
261205,Biblioteconomista,5254
783110,Chefe de manobra no transporte ferroviário,5230
251510,Psicoterapeuta,5213
520105,Supervisor comercial,5178
313105,Auxiliar de eletrotécnico,5178
716305,Assentador de vidros,5177
141605,Agente de navio no transporte marítimo,5112
123105,Superintendente administrativo,5091
351715,Assistente de contas de seguros,5028
731135,Montador de aparelhos elétricos,5028
421205,Caixa lotérico,5003
223305,Médico veterinário de saúde pública,4991
214310,Engenheiro eletrotécnico,4976
715115,Condutor de escavadeira,4972
782515,Motorista de caminhão guincho leve,4972
992115,Borracheiro auxiliar,4964
517405,Atendente de portaria de hotel,4913
422215,Operador bilíngüe (telefonia),4857
377110,Atacante no futebol,4852
730105,Chefe de produção (indústria de material elétrico e eletrônico),4808
253125,Coordenador de mídia,4755
721405,Fresador cnc,4740
233210,Instrutor de aprendizagem industrial,4713
515110,Atendente de berçário,4713
111405,Conselheiro (diplomacia),4704
342550,Fiscal de pátio (aeroporto),4703
142210,Administrador de pessoal,4693
516305,"Auxiliar de lavador de roupas, a máquina industrial",4689
622020,Abanador na agricultura,4687
723330,Ajudante de pintor de móveis,4669
720215,Chefe de produção (indústria de máquinas e outros equipamentos mecânicos),4649
414135,Auxiliar de expedição,4640
721325,Acepilhador de metais,4563
821445,Ajudante de pátio de sucata,4553
763010,Modelista,4514
766215,Impressor de cartazes,4441
641015,Arador,4439
517110,Agente de investigação de incêndio,4415
313210,Técnico eletrônico de manutenção industrial,4408
410235,Chefe de serviço financeiro,4402
342110,Analista de transporte multimodal,4378
524305,Ambulante,4359
724115,Bombeiro eletricista,4349
231340,Professor de matemática na educação de jovens e adultos do ensino fundamental de 5ª a 8ª série ,4335
951315,Monitor interno de alarmes,4322
914410,Mecânico de empilhadeira,4261
301110,Analista de areias em fundição,4261
510135,Chef executivo nos serviços de alimentação,4243
991315,Cabineiro de veículos,4222
123305,Diretor de vendas,4171
354210,"Arrematador, no comércio",4163
725705,"Montador de instalação de calefação, ventilação e refrigeração",4156
919205,Mecânico,4151
223810,Audiologista (fonoaudiólogo),4080
721220,Retificador (retificadora cilíndrica externa e interna),4073
513215,Cozinheiro de restaurante de indústria,4068
723320,Auxiliar de pintor de automóveis,4041
231305,Professor de ciências na educação de jovens e adultos do ensino fundamental de 5ª a 8ª série,4033
914105,Ajudante de manutenção de aeronave,4026
911120,Afinador de motores diesel  (exceto de veículos automotores),4024
724435,Flandeiro,3978
325110,Manipulador em laboratório de farmácia,3969
420105,Supervisor de atendimento (caixas e bilheteiros),3937
821405,"Líder de produção, no acabamento de chapas e metais",3907
731325,Instalador de aparelhos telefônicos,3902
516320,Ajudante de lavador de tapetes,3898
241040,Assessor jurídico,3882
318610,Desenhista projetista de ferramentas,3847
313320,Técnico de manutenção de equipamento de transmissão,3847
233225,Instrutor de aprendizagem em comunicação,3833
322130,Esteticista corporal,3775
311110,Analista de laboratório químico,3756
261215,Pesquisador de informações de rede,3753
239220,Professor de aluno surdo cego,3740
342205,Ajudante de despachante alfandegário,3641
622505,Apanhador de laranja,3546
724510,Auxiliar de dobrador (metais),3537
353235,Tesoureiro,3524
862205,"Agente técnico de operação na captação, tratamento e distribuição de água",3521
991310,Cabineiro de veículos,3507
131305,Diretor adjunto de escolas privadas,3484
914305,Agente de manutenção de veículos ferroviários,3483
519910,Aplicador de inseticida,3483
300305,Auxiliar técnico de instalações eletromecânicas,3462
313305,Técnico de teleprocessamento,3461
252525,Analista de planejamento financeiro,3443
721410,Fresador cnc,3441
251225,Analista de controle e gestão (economista),3420
722105,Aguilhoeiro,3396
313110,Projetista elétrico,3388
731105,Montador de computadores e equipamentos auxiliares,3384
716525,Acabador de mármore e granito,3367
766205,Aplicador de serigrafia,3327
951305,Instalador de alarme,3327
241010,Advogado empresarial,3326
731205,Consertador de equipamentos eletrônicos,3323
766120,Arte finalista,3315
763015,Reformadora de roupas,3314
415210,Classificador de correspondências (correios e telégrafos),3308
371105,Assistente de biblioteca,3305
510130,Chefe de barewomen,3280
414205,Anotador de mão de  obra,3246
261125,Assistente de editorial,3246
203215,Engenheiro pesquisador (engenharia elétrica e eletrônica),3197
314120,Auxiliar técnico na mecânica de máquinas,3178
231325,Professor de história na educação de jovens e adultos do ensino fundamental de 5ª a 8ª série,3155
420125,Chefe de recepção,3113
322215,Técnico de enfermagem em saúde ocupacional,3098
763105,Preparador de lotes e pacotes,3097
516310,"Auxiliar de lavador de roupas, a máquina industrial",3086
763110,Cortador de roupas (couro e pele),3079
252310,Assessor bilíngüe,3055
724130,Ajudante de gasista,3046
212305,Dba,3043
840105,Chefe de fabricação de chocolate,3037
253110,Coordenador de mídia,3025
318005,Desenhista técnico auxiliar,3008
422210,Operador bilíngüe (telefonia),2996
415105,Arquivador,2954
231320,Professor de geografia na educação de jovens e adultos do ensino fundamental de 5ª a 8ª série ,2943
783220,Bagrinho (estiva),2926
992205,Asfaltador na conservação de vias permanentes (exceto trilhos),2925
515325,Agente de apoio socioeducativo,2923
234405,Professor de clínica cirúrgica (ensino superior),2920
421305,Cobrador de aluguéis,2899
141305,Coordenador de obras (construção civil),2878
212215,Engenheiro de software computacional básico,2874
225250,Cirurgião ginecológico,2851
352310,Fiscal de pesos e medidas,2809
141420,Gerente de serviços de oficina (assistência técnica),2806
251505,Psicólogo da educação,2801
317105,Desenvolvedor de internet (técnico),2800
374420,Montador,2785
415130,Copiador de documentos,2781
523105,Instalador de película solar (insulfilm),2767
731175,Bobinador eletricista,2681
731160,Auxiliar de montagem de transformadores,2669
312320,Auxiliar de topógrafo,2665
950110,Chefe de manutenção eletromecânica,2658
516220,Mãe crecheira,2647
251530,Psicólogo criminal,2621
213205,Químico (fisico química),2610
782610,Maquinista de locomotiva,2600
261120,Editor assistente,2599
374110,Auxiliar de instalação (equipamentos de rádio),2590
410220,Chefe de administração patrimonial,2581
992105,Borracheiro auxiliar,2577
251205,Analista de economia internacional,2568
841448,Ajudante de produção de óleos vegetais na ind. Alimentar,2560
262710,Músico intérprete instrumentista clássico,2559
373205,Chefe de operações de sistemas de televisão e produtoras de vídeo,2557
351315,Chefe de recurso de glosa de contas de convênios (administração de hospital),2547
862305,Operador de bombas no tratamento de água e efluentes,2529
954105,Mecânico de manutenção (equipamento de edifícios),2524
142530,Coordenador de suporte técnico de tecnologia da informação,2519
334115,Agente de organização escolar,2506
342310,Agente rodoviário,2496
823320,Auxiliar de fabricação nas indústrias de artefatos de cimento,2493
516205,Baby sitter,2481
141705,Administrador de carteiras de câmbio e comércio exterior,2478
715715,Aplicador de isolante térmico,2476
410240,Supervisor de operações logísticas,2464
519905,Colador de cartazes,2464
252715,Analista de estoque,2457
322225,Instrumentador em cirurgia,2439
234435,Professor de clínica cirúrgica (ensino superior),2432
919110,Auxiliar de lubrificador de veículos,2423
716510,Assentador cerâmico,2419
410230,Chefe de orçamento,2407
141505,Administrador (serviço de hospedagem),2402
841468,Controlador de dosadores de rações,2399
212320,Analista em segurança da informação,2395
782505,Caminhoneiro,2370
314115,Auxiliar técnico de refrigeração,2353
324210,Técnico de laboratório de análises clínicas,2351
414120,Conferente de logística,2345
741115,Instrumentista de precisão,2344
111415,Chefe de assessoria técnica do serviço público municipal,2333
332105,Professor assistente de regência de classe,2320
214915,Engenheiro de segurança industrial,2310
391135,Programador e controlador de materiais,2305
811110,Operador de estação de mistura (tratamentos químicos e afins),2303
325210,Técnico em nutrição,2301
513115,Assistente de governanta,2282
862120,Abastecedor de caldeira,2274
142310,Gerente de assuntos corporativos,2265
317115,Desenvolvedor de sustentação de ti (técnico),2251
325105,Auxiliar técnico de manipulação em laboratório de farmácia,2246
715405,Condutor de betoneira,2241
715705,Aplicador de isolante (coberturas),2241
723310,Pintor (retoques),2229
724505,Operador de calandra (siderurgia),2211
515310,Agente de proteção social,2208
725015,Afinador mecânico,2205
214105,Engenheiro arquiteto,2188
410215,Encarregado de contas a pagar,2182
510110,Administrador de prédios,2180
516325,Passador de roupas em calandra,2156
828110,Ajudante de fábrica de tijolos,2152
722215,Ajudante de acabamento de fundição,2148
722415,Alambrador na fabricação de arame,2142
212415,Analista de comunicação (teleprocessamento),2132
374210,Assistente de estúdio (cinema e vídeo),2125
372205,Operador de rede de transmissão de dados,2122
318405,Arte finalista (desenhista técnico de artes gráficas),2112
354110,Vendedor de informações comerciais,2109
519205,Catador de ferro velho,2105
732135,Ajudante de reparador (telecomunicações),2089
752305,Ceramista multifuncional,2078
351730,Comissário de avarias,2077
513220,Cozinheiro hospitalar,2060
233120,Professor de ensino profissionalizante no ensino de nível médio ,2052
251520,Psicólogo desportivo,2043
724415,Chapeador de móveis metálicos,2038
724515,Operador de desempenadeira (conformação de metais),2034
131210,Administrador de ambulatório,2028
913120,Mecânico de equipamento pesado,2028
510125,Encarregado de portaria de hotel,2027
354820,Gestor de evento,2012
352205,Agente de defesa florestal,2011
512115,Faxineiro no serviço doméstico,1980
223550,Enfermeira parteira,1978
351510,Estenógrafo,1973
253105,Coordenador de mídia,1972
841815,Baleiro (fabricação),1962
954125,Mecânico de manutenção e eletricista,1938
514105,Cabineiro de elevador,1932
811775,Extrusor de borracha,1920
225140,Epidemiologista,1917
391105,Calculista de tempos,1917
142410,Administrador de compras,1917
239430,Auxiliar de supervisor escolar,1912
312205,Assistente técnico de engenharia (obras de infra estrutura de estrada),1909
741110,Instrumentista de precisão,1891
322235,Auxiliar de enfermagem em saúde ocupacional,1884
421115,Bilheteiro de cinema,1849
318510,Auxiliar de engenheiro da construção civil,1843
372115,Cameraman (cinema),1842
212430,Analista de qualidade de ti,1840
510105,Chefe de bilheteria,1836
123110,Superintendente administrativo e financeiro,1833
142515,Coordenador de operação de tecnologia da informação,1828
351725,Representante de controle de perdas,1818
782205,Ajudante de guincheiro,1816
224105,Orientador fisiocorporal,1811
131120,Chefe de serviço de pesquisa e estatística,1810
342210,Despachante alfandegário,1799
342505,Controlador de vôo,1797
782625,Ajudante de maquinista de trem,1796
322405,Atendente de clínica dentária,1796
623020,Cuidador de animais,1782
322420,Atendente de clínica dentária,1780
811745,Calandreiro de plástico,1778
992210,Asfaltador na conservação de vias permanentes (exceto trilhos),1767
325205,Técnico de bebidas,1763
765235,Forrador de móveis,1750
721425,Retificador  cnc,1747
731305,Especialista em linha de transmissão,1744
731330,Instalador de aparelhos telefônicos,1743
261305,Administrador de arquivos,1743
225151,Anestesiologista,1742
234624,Professor de português,1732
332205,Instrutor no ensino profissionalizante,1730
374405,Editor de imagens,1718
371405,Conselheiro em acantonamento,1715
716615,Colocador de papel de parede,1704
203015,Bacteriologista,1696
391220,Técnico de controle interno na produção,1678
300105,Técnico em automação industrial,1674
515220,Auxiliar técnico em patologia cínica,1668
720110,Chefe de chaparia,1665
371110,Tratador de documentos (biblioteconomia),1656
261135,Repórter cinematográfico,1655
715135,Operador de pá carregadeira de esteira,1646
524215,Camelô (permissionário em ponto fixo),1641
954120,Mecânico de manutenção (equipamento de edifícios),1628
420110,Chefe de cobrança,1606
724325,Operador de máquina de solda elétrica,1605
391130,Analista de manutenção (equipamentos industriais),1598
351720,Assistente de analista de produtos,1596
516610,Coveiro,1592
313125,Técnico em ferramentas elétricas,1591
715410,Bombista,1580
318015,Desenhista detalhista (cad),1578
321105,Agrotécnico,1571
131115,Administrador de instituições culturais,1567
231330,Professor de língua estrangeira moderna  no ensino supletivo do ensino fundamental de  5ª a 8ª série,1561
911325,Mecânico de manutenção de máquinas de fundição (usinagem de metais),1545
516120,Manicuro,1544
225133,Médico psicanalista,1543
225130,Médico comunitário,1541
203005,Ecologista,1537
623110,Ajudante de boiadeiro,1532
261210,Analista de documentação,1531
752210,Cortador de vidro no comércio exclusive conta própria e empregador,1529
391120,Calculista de produção,1522
773355,Ajudante de operador de serra,1508
225270,Cirurgião ortopedista,1496
623125,Adestrador (eqüinos),1487
841805,Enfornador de pão,1486
761260,Operador passadista (fiação),1481
234410,Professor de clínica cirúrgica (ensino superior),1479
721205,Operador de eletroerosão a fio,1476
214270,Analista de projetos viários,1474
913105,Mecânico de estiva,1473
318505,Auxiliar de arquitetura,1470
511110,Aeromoça,1466
731170,Bobinador eletricista,1465
766220,Ajudante de impressor de formulários contínuos,1463
516215,Mãe crecheira,1459
214320,Engenheiro de projetos elétricos,1446
311710,Tingidor de fios,1446
514305,Cordeiro limpeza de vidros,1444
314305,Técnico automotivo,1440
371310,Técnico de artes gráficas,1432
322410,Atendente de clínica dentária,1428
761410,"Operador de máquinas de cozinhamento e alvejamento de fibras soltas, fios e tecidos",1426
141610,Gerente de assistência técnica nas operações de correios e telecomunicações,1423
715205,Acafelador,1422
412120,Chefe de digitação,1422
424105,Agente de coleta ( censo e pesquisas amostrais),1420
214260,Engenheiro civil (obras sanitárias),1411
760605,Chefe de divisão gráfica,1397
810205,Chefe de setor de plásticos,1396
342115,Supervisor operacional dos serviços de máquinas e veículos,1395
374105,Assistente de estúdio (gravação de áudio),1395
766310,Dobrador gráfico,1390
914415,Mecânico de motocicletas,1388
351705,Analista técnico de seguros,1383
711230,Maçariqueiro,1381
353230,Tesoureiro,1380
142415,Administrador de materiais,1375
351740,Comissário de avarias,1369
311410,Técnico de processos (plástico),1368
517115,Guarda vidas,1362
224135,Auxiliar técnico no futebol,1355
721315,Afiador de brocas e coroas,1348
234810,Professor de administração financeira,1344
252515,Analista de planejamento financeiro,1344
214410,Engenheiro de manutenção de veículos,1332
142505,Coordenador de infraestrutura de tecnologia da informação,1328
848110,Manteador na conservação de alimentos,1322
123115,Diretor de finanças,1314
992215,Asfaltador na conservação de vias permanentes (exceto trilhos),1313
731120,Montador de eletrodomésticos,1310
724320,Operador de maçarico,1308
322210,Técnico em hemodiálise,1304
780105,Encarregado de acabamento (embalagem e etiquetagem),1302
715725,Oficial de manutenção civil,1301
142325,Especialista de comunicação em relações públicas,1299
622005,Chacareiro exclusive conta própria e empregador,1295
715110,Operador de rolo compactador,1295
715140,Condutor de asfaltadora,1293
342540,Atendente de aeroporto,1287
715130,Condutor de motoniveladora,1261
810110,Chefe de centrifugação,1258
373105,Operador de gravação,1257
766320,Cortador  de papel à guilhotina,1257
992120,Borracheiro auxiliar,1253
632615,Abastecedor de silos de carvão,1253
318205,Desenhista de carrocerias,1252
821450,Ajudante de rebarbação (metais),1249
766230,Impressor de plásticos,1246
114205,Assistente sindical de entidades de trabalhadores,1245
510115,Encarregado de andar,1243
414115,Encarregado de pesagem,1238
311715,Colorista,1237
848505,Abatedor  em matadouro,1234
225265,Cirurgião oftalmológico,1234
318805,Moldador de roupas,1230
848525,Auxiliar de classificador de carne,1225
318605,Desenhista projetista de ferramentas,1221
516340,Passador de roupas em calandra,1215
821440,Líder de linhas de tesoura de tiras a quente e a  frio,1213
251540,Psicólogo organizacional,1210
725020,Ajustador de agulhas,1195
712205,Aplainador de mármore,1188
234450,Professor de clínica cirúrgica (ensino superior),1176
782115,Operador de grua (móvel),1168
763325,Coladeira (confecção em série),1163
372210,Operador de radiotelégrafo,1161
513410,Degustador de vinho,1156
318705,Desenhista projetista eletroeletrônico,1155
813115,Operador especializado de extrusora,1153
261805,Fotógrafo científico,1152
241225,Procurador municipal,1147
342410,Controlador de centro de controle operacional,1141
860115,"Contramestre (produção de energia elétrica, gás e captação de água)",1131
142125,Analista de integridade (compliance),1123
516115,Ajudante de cabeleireiro,1121
223510,Instrumentador cirúrgico (enfermeiro),1119
950305,Supervisor de manutenção industrial,1119
262830,Maître de ballet,1116
725415,Mecânico montador especializado em motores de explosão e diesel,1114
377105,Atleta da ginástica,1110
992220,Asfaltador na conservação de vias permanentes (exceto trilhos),1110
423105,Despachante de documentos,1108
910910,Encarregado de lubrificação de vias permanentes,1107
225150,Ceteísta,1105
514330,Piscineiro,1093
919105,Ajudante de lubrificação (indústria),1077
214215,Engenheiro de planejamento,1073
513210,Cozinheiro de restaurante,1071
765015,Chapeleiro de chapéus de luxo,1067
342215,Assistente de desembaraço aduaneiro,1058
261110,Diretor adjunto,1053
766405,Auxiliar de laboratório fotográfico,1048
234510,Docente de ensino superior na área de orientação educacional,1047
519210,Separador de material reciclável,1041
715105,Condutor de bate estaca,1039
782320,Condutor de transporte de pacientes,1034
322505,Ortesista,1032
342520,Controlador de vôo,1029
763320,Auxiliar de costureira (no acabamento),1023
320105,Técnico de biotério,1019
773415,Operador de fingirjoint,1011
223530,Enfermeiro intensivista,1009
225320,Imaginologista,1004
823325,Trabalhador na fabricação de artefatos de cimento,1003
262405,Aquarelista,1003
517315,Agente penitenciário,1003
950105,Encarregado eletricista de instalações,999
373220,Chefe de operações de sistemas de televisão e produtoras de vídeo,999
741105,Instrumentista de precisão,998
641010,Operador de estufas mecânicas,994
223410,Farmacêutico auditor,992
261715,Comunicador de mídias audiovisuais,991
951310,Rastreador de satélite,990
731155,Montador de elevadores e similares,976
782120,Maquinista ferroviário,973
720150,Encarregado de usinagem de metais,970
524210,Vendedor de jornais e revistas,965
848325,Sorveteiro,964
375110,Vitrinista,962
723125,Ajudante de tratamento térmico,958
318010,Copista de croqui,953
731125,Eletricista instalador de alta e baixa tensão,950
766250,Cilindrista de imprensa,950
142110,Gerente de riscos e seguros,948
717010,Ajudante de marteleteiro,944
354810,Agente de reservas,943
123705,Diretor de tecnologia (pesquisa e desenvolvimento),940
225225,Cirurgião,940
354805,Agente de reservas,939
516505,Agente funerário tanatopraxista,935
821215,Operador de forno de indução elétrica,931
223310,Médico veterinário de saúde pública,926
622110,Colhedor de cana de açúcar,926
715510,Montador de esquadrias de madeira,925
811760,Moldador de plástico,925
811705,Operador de bambury,923
214505,Engenheiro de desenvolvimento químico,916
622015,Colhedor de sementes,915
782145,Portaló nas operações de máquinas e equipamentos de elevação,907
514315,Conservador de fachadas,902
311405,Técnico de processos (borracha),900
622405,Floricultor no cultivo de flores e folhagens de corte,900
261730,Repórter de rádio,898
375115,Vitrinista,895
214365,Engenheiro operacional em eletrotécnica,893
214610,Engenheiro metalúrgico,893
252605,Gerente de segurança empresarial,892
766420,"Fotógrafo laboratorista filmes fotográficos, em cores",892
318105,Cadista (desenhista técnico de arquitetura),890
421110,Agente operacional de estação,889
141720,Administrador de carteiras de crédito e cobrança,884
821205,Ajudante de forneiro,882
314205,Especialista em ferramentas (técnico mecânico na fabricação de ferramentas),882
314210,Especialista em ferramentas (técnico mecânico na manutenção de ferramentas),881
833110,Confeccionador de artigos de papel e papelão,881
782130,Maquinista ferroviário,879
123605,Diretor de informática,879
861105,Operador de hidrelétrica e subestações,876
763005,Alfaite modelista,872
919310,Mecânico de bicicletas,872
234805,Professor de desenvolvimento econômico,871
632120,Ajudante de derrubada,862
213105,Cosmológo,860
203405,Pesquisador das ciências agrárias,859
775115,Ajudante de lustrador,859
711320,Maquinista de perfuradora de subsolo,857
848520,Arrancador em matadouro,855
261140,Repórter cinematográfico,854
203505,Historiador,853
715145,Operador de trator exclusive na agropecuária,853
342545,Atendente de aeroporto,850
991115,Operador de máquinas e veículos especiais na conservação de vias permanentes (trilhos),847
833205,"Confeccionador de caixas de papelão, a mão",843
211205,Amostrista,839
910205,Supervisor de manutenção de veículos de passeio,836
620105,Capataz da exploração agrícola,835
833120,"Operador de máquina de cortar, colar e dobrar celofane e similar",832
354415,Avaliador de artes e antiguidades,831
766125,Ajudante de montagem e fotolito,830
770105,Encarregado de montagem de móveis,829
318810,Moldador de roupas,827
322120,Massagista,826
211110,Analista de pesquisa operacional,825
214125,Planejador urbano,819
860105,Chefe de seção de manutenção eletromecânica (utilidades),815
715120,Condutor de máquina de abrir valas,805
915105,Instrumentista de laboratório (manutenção),805
954305,Mecanógrafo  (mecânico de máquina de escrever),797
951320,Agente de vistoria de alarmes,796
722205,Ajudante de fundidor,792
712220,Acabador de pedras,786
732125,Eletricista de rede aérea de tração de veículos,781
253305,Corretor de mercadorias,779
123310,Superintendente de marketing,775
322305,Contatólogo,774
910905,Contramestre de conservação de vias permanentes,770
760310,Coordenador de bordado,770
123205,Diretor de capital humano,768
516415,Passador a ferro a vapor,767
517205,Inspetor de polícia rodoviária federal,767
214425,Engenheiro de construção naval,767
773325,Ajudante de operador de serra,757
313505,Técnico em equipamentos ópticos,757
761430,"Auxiliar ajudante de operador de máquinas de lavar fibras, fios, tecidos e peças confeccionadas",757
823265,Confeccionador de lixas,757
263105,Abade,756
241035,Advogado trabalhista,754
311505,Técnico de gestão do meio ambiente,750
322605,Técnico em aparelho gessado,749
773110,Artífice de serra,747
422220,Operador de radiotelefonia,740
731130,Montador de dínamos,737
214315,Engenheiro de manutenção elétrica,736
751125,Aurifice,734
311620,Técnico de fiação,733
214370,Especialista em telecomunicações ( tecnólogo ),730
848515,Auxiliar de desossador,728
517105,Bombeiro de aeroporto,726
763205,Auxiliar de costura,723
841416,Limpador de frutas e legumes para conserva,716
623305,Avicultor de corte exclusive conta própria e empregador,715
225135,Dermatologista,715
111320,Juiz do tribunal regional do trabalho,713
724405,Caldeireiro de manutenção,711
371305,Técnico de artes gráficas,710
252540,Analista de planejamento financeiro,710
725505,Montador de automóveis,709
395110,Técnico de apoio em pesquisa e desenvolvimento de processos,708
715605,Eletricista de teatro e televisão,705
811005,Mantenedor operacional de processos químicos e petroquímicos,705
510205,Chefe de lavagem de equipamentos de proteção individual  (epi),698
761425,Mercerizador de fios e tecidos,695
223415,Farmacêutico analista clínico (bioquímico),693
773345,Ajudante de operador de serra,690
810305,Supervisor de embalagem (produção farmacêutica),683
821435,Operador de jato de areia,682
731145,Montador de comandos e sinalização,681
314125,Inspetor de máquinas e motores,681
314105,"Técnico mecânico na fabricação de máquinas, sistemas e instrumentos",680
765110,Cortador de tapetes,678
612510,Abacaxicultor,675
352305,Inspetor de medição,674
724210,Edificador de casco (navios),674
764305,Asperador de couro no acabamento de calçados,671
214345,Engenheiro de projetos de telecomunicações,671
214350,Engenheiro de sistemas de comunicação,668
516405,Lavador de roupa a seco,668
721115,Modelador de ferramentaria,667
715720,Aplicador de material isolante em caldeiras e tubulações,665
513440,Atendente barista,662
711215,Condutor de máquina contínua de extração,659
519105,Bikeboy,658
351710,Analista técnico de sinistros,652
225112,Médico neuropediatra,652
813120,Operador de processo de golfragem,650
141715,Administrador de carteiras de câmbio e comércio exterior,646
725005,Afinador mecânico,644
342510,Controlador de vôo,644
773340,Ajudante de operador de serra,643
415115,Arquivador,642
312210,Assistente técnico de engenharia de obras de saneamento,637
516335,Passador de roupas em calandra,634
752330,Ceramista batedor de prensa extrusora,633
234205,Professor de química inorgânica (ensino superior),627
225121,Cancerologista clínico,624
715710,Operador de gunite,624
765205,Costureiro de colchões,624
424115,Entrevistador de cati (computer assisted telephone interviewing),622
251220,Analista de cadeias produtivas (economista),622
811710,Cilindrista de borracha,621
716520,Aplicador de resinas em pisos,616
202110,Engenheiro de automação,615
763310,Auxiliar de operador de máquina de bordar,613
717015,Cacimbeiro (poço),607
766235,Impressor de plásticos,605
954205,Mecânico de aparelhos domésticos,604
374305,Operador cinematográfico,603
225120,Cardiologista,603
862105,Carvoeiro no transporte ferroviário,602
262125,Produtor de imagem (televisão),601
239215,Pedagogo especializado em deficiência mental,599
766305,Dobrador gráfico,599
515205,Flebotomista,599
772105,Ajudante de classificador de folhas (madeira),598
314620,Laboratorista metalográfico (soldagem),595
224115,Cinesiólogo ludomotricista,591
223545,Enfermeira parteira,591
214325,Engenheiro de manutenção eletrônica,590
214005,Engenheiro de meio ambiente,587
752235,Cortador de cristais de óptica,584
373110,Operador de gravação,582
622610,Apanhador de café,582
214420,Engenheiro mecânico nuclear,582
523115,Montador de fechaduras,579
811750,Modador prensista (borracha),575
212425,Arquiteto de sistemas de ti,573
811330,Ajudante de filtrador (filtro prensa),572
712225,Acabador de pedras,570
784125,Ajudante de enfardamento,566
239205,Pedagogo em educação especial de surdos,566
234664,Professor de lingüística,562
261420,Tradutor de textos eletrônicos,560
763020,Reformadora de roupas,559
910210,Supervisor de manutenção de veículos de carga,553
375105,Vitrinista,553
710220,Encarregado de setor de concreto,553
811735,Moldador de parafinas,549
823315,Forneiro de material de construção (telhas e tijolos),546
322220,Técnico de enfermagem em saúde mental,546
724310,Cortador de ferro,546
821105,Operador de centro de controle de sinterização e pátios,542
721415,Mandrilador cnc,542
841484,Trabalhador de limpeza de pescado na industrialização,542
225285,Andrologista,542
203205,Engenheiro pesquisador (engenharia civil),541
373215,Chefe de operações de sistemas de televisão e produtoras de vídeo,540
841456,Operador de câmaras frigoríficas,537
225103,Infectologista,532
782110,Guincheiro,530
233130,Professor de ensino profissionalizante no ensino de nível médio ,529
373210,Chefe de operações de sistemas de televisão e produtoras de vídeo,527
203520,Historiador,526
234620,Professor de espanhol,526
312305,Auxiliar técnico de hidrografia,526
841420,Limpador de frutas e legumes para conserva,522
725405,Mecânico de motores marítimos,521
821315,Operador de cardas de chapas grossas,521
515120,Auxiliar de sanitarista,521
411050,Agente de microfinanças,517
252510,Analista de planejamento financeiro,515
752105,Gambista (artesão de vidros),515
783105,Agente de estação (manobras),514
325015,Criadores de perfumes,514
766150,Fotógrafo (pré impressão gráfica),514
261530,Glossarista,513
516125,Maquiador social,511
233110,Professor de ensino profissionalizante no ensino de nível médio ,511
316325,Técnico de operação em refino de petróleo e gás,510
821305,Controlador de laminação,509
862405,Ajudante de operador de gás,508
768320,Confeccionador de calçados de couro,503
821415,Operador de desbobinadeira da linha de decapagem,503
832125,Condutor  em fábrica de papel,501
720210,Líder (indústria de automotores e de material de transporte),500
142535,Tecnólogo em gestão de sistema de informação,497
950205,Chefe de manutenção eletroeletrônica veicular,496
731115,Montador de instrumentos  elétricos de medição,495
741125,Instrumentista de precisão,493
214335,Engenheiro de projetos eletrônicos,491
841710,Cervejeiro (fabricação),484
715415,Balanceiro de concreto,483
715535,Ajustador de fôrmas (concreto),480
911115,Mecânico de bombas hidráulicas,479
720115,Mestre de construção de ferramentas e dispositivos,475
252320,Secretário de escola(tecnólogo),472
716505,Colocador de assoalho,468
821320,Laminador de metais não ferrosos,467
763305,Auxiliar de operador de máquina de bordar,462
225185,Hematologista,459
820205,"Assistente técnico na fabricação de produtos de cerâmica, porcelanatos e afins",457
253405,Analista de mídias digitais,456
252705,Analista de estoque,455
318425,Desenhista de móveis,454
510120,Encarregado de portaria de hotel,453
353225,Tesoureiro,449
411035,Controlador de estatística,448
723235,Anodizador e anodizador de metais,447
768625,Serigrafista,443
424110,Entrevistador de cati (computer assisted telephone interviewing),443
725225,Instalador de máquinas ferramentas (usinagem de metais),442
811010,"Operador industrial nas instalações químicas, petroquímicas e afins",441
225275,Cirurgião otorrinolaringologista,440
318305,Desenhista de leiaute de circuito impresso,439
515135,Auxiliar de enfermagem socorrista,438
225260,Médico neurocirurgião pediátrico,438
840120,Mestre doceiro,437
241210,Procurador distrital,436
764210,Apontador de bicos (calçados),435
214330,Engenheiro de projetos eletrônicos,434
811215,Calcinador,433
720135,Encarregado de pintura (tratamento de superfícies),431
811125,Operador de fabricação de tintas e vernizes,430
252550,Profissional de relações com o mercado,429
723305,Cabineiro,429
123405,Diretor de compras,427
862515,Operador de sistema de climatização,426
911110,Mecânico de bombas hidráulicas,426
234915,Professor de artes cênicas no ensino superior,421
411015,Agente administrativo,419
512110,Arrumador no serviço doméstico,415
721420,Mandrilador cnc,413
214355,Engenheiro de sistemas de comunicação,409
123805,Diretor de operações e manutenção,407
511220,Trocador,404
723120,Forneiro de tratamento térmico de metais,403
722325,Auxiliar de preparação de areia,402
711130,Ajudante de mineiro,401
324220,Técnico em banco de sangue,400
776420,Armador de móveis de vime,399
142525,Coordenador de segurança da informação,399
731140,Montador de comandos e sinalização,398
715730,Oficial de manutenção civil,397
233205,Instrutor agrícola,397
354505,Securitário,397
823210,Ajudante de extrusão de fibras de vidro,396
010105,Brigadeiro,394
622320,Trabalhador na cultura de hortaliças,393
391230,Técnico de controle interno na produção,392
711305,Sondador de poços tubulares e sistemas rotativos,392
514230,Coletor de lixo hospitalar,391
711225,Marteleteiro de rocha,389
715530,Armador de telhados,387
122615,Diretor de operações de radiodifusão,387
723220,Pintor a revólver (pintura eletrostática),387
415215,Ajudante de entregador de publicações,385
412115,Operador de telecomunicações de correios,384
214510,Engenheiro de indústria química,382
111410,Chefe do serviço público estadual e distrital,381
225170,Médico alopata,380
841432,Operador de máquina na industrialização do pescado,379
773405,Operador de fingirjoint,379
848420,Classificador de bebida,377
760125,Mestre de acabamento de fios,377
910110,Chefe de manutenção mecânica de sistemas operacionais,376
353205,Tesoureiro,376
213210,Químico (produtos aromáticos),375
623015,Arraçoador (pecuária polivalente),374
342610,Chefe de operações portuárias,374
317120,Desenvolvedor de games,372
722320,Fechador de moldes na fundição,371
832135,Rebobinador na fabricação de papel e papelão,370
213150,Físico hospitalar,368
913115,Mecânico de campo,367
773105,Cortador de chapas de madeiras,364
214255,Engenheiro civil (terraplanagem),364
784120,Ajudante de engarrafamento,362
203230,Engenheiro pesquisador (engenharia química),361
724305,Soldador de solda à forte,360
766155,Fotógrafo (pré impressão gráfica),359
813130,"Operador de manufaturado (química, petroquímica e afins)",356
251120,Cientista social,355
771110,Marceneiro modelista,353
712120,Ajudante de britador,351
752110,Moldador de lentes,350
764115,Chanfrador de calçados,349
225155,Diabetólogo,348
820210,Chefe de produção na fabricação de produtos de vidro,347
711210,Operador de caminhão fora de estrada,347
761815,Classificador de tecidos,347
711205,Operador de caminhão fora de estrada,345
773120,Operador de industrialização de madeiras,345
911320,Mecânico de estamparia (máquinas têxteis),345
225210,Cirurgião cardiovascular,345
252710,Analista de estoque,343
311515,Auxiliar técnico de centro de operação do sistema de energia,342
322110,Técnico em podologia,337
862505,Operador de central de refrigeração,337
519930,Flanelinha,335
262105,"Empresário de espetáculo, tecnólogo em produção cultural",334
623115,Apartador de gado,333
910130,Mestre de manutenção de máquinas operatrizes,333
722115,Operador de prensa (ferramentaria),332
766145,Chapista gráfico,332
131315,Chefe de centro de formação profissional privado,332
122205,Diretor de produção em utilidades,329
410210,Encarregado de câmbio,328
215105,Capitão de cabotagem (comandante),327
223445,Farmacêutico clínico,324
253140,Agenciador de publicidade,324
412105,Operador de máquina de escrever,324
225109,Nefrologista,324
222205,Tecnólogo em agroindústria,324
114405,Dirigente de clube e associação esportiva,322
514220,Gari,322
324105,Operador de eletroencefalógrafo,321
760305,Coordenador de corte na confecção do vestuário,320
391145,Analista de controle técnico de manutenção,319
342525,Atendente de aeroporto,318
351310,Chefe de recurso de glosa de contas de convênios (administração de hospital),318
768205,Bordadeira,318
261115,Diretor adjunto,317
422130,Guest relations,316
261425,Guia intérprete,316
725210,Instalador de máquinas,315
752205,Impressor serigráfico em vidros,315
141115,Gerente de agropecuária,314
225136,Reumatologista,314
213115,Cosmológo,314
725420,Mecânico de motores turboalimentadores,312
424120,Coletador de preços,312
992110,Borracheiro auxiliar,311
318710,Desenhista projetista de circuitos impressos,309
234668,Professor de lingüística,309
262615,Auxiliar de maestro,308
311510,Técnico hidrometrista,307
225310,Endoscopista,307
752230,Ajudante de lapidador (vidros),307
262420,Desenhista de produto (artigos esportivos),305
768705,Dourador,305
524205,Auxiliar de feirante,304
762205,Auxiliar de curtimento,304
354605,Assessor imobiliário,298
261130,Assistente de editorial,297
214605,Engenheiro de materiais (cerâmica),296
351410,Avaliador judicial (escrivão),294
773510,Operador  de seccionadora,294
202105,Engenheiro de automação,294
710210,Feitor de turma (ferrovias),293
353220,Tesoureiro,293
761435,"Auxiliar ajudante de operador de máquinas de lavar fibras, fios, tecidos e peças confeccionadas",291
214925,Engenheiro de análise de trabalho,291
911105,Mecânico de bomba injetora (exceto de veículos automotores),291
311205,Técnico de indústria  petroquímica,288
252725,Analista de estoque,288
122620,Diretor de logística em operações de transportes,287
374125,Desenhista de som,285
911135,Mecânico de turbinas e caldeiras,284
725605,Mecânico de manutenção aeronáutica,281
740105,Supervisor de fabricação de instrumentos de precisão,281
721305,Amolador de cardas,280
131105,Diretor de biblioteca,280
300110,Técnico em automação industrial,277
766415,"Fotógrafo laboratorista filmes fotográficos, em cores",275
420120,Agente de coleta supervisor,274
223435,Farmacêutico em alfândega,274
768110,Montador de tapetes,273
234815,Professor de análise de custos,273
225235,Cirurgião plástico,272
848115,Auxiliar de salsicheiro,272
510305,Encarregado de bombeiros,270
773315,Ajudante de operador de serra,270
721110,Ferramenteiro de bancada,267
811430,Ajudante de evaporador na destilação,265
513110,Governanta de residência,265
833105,Caroneiro em cartonagem,264
919305,Mecânico de bicicletas,263
715220,Pedreiro de forno,263
710120,Chefe de seção de mina,262
862160,Abastecedor de combustível de aeronave,262
954210,Antenista,262
318115,Desenhista de estrutura metálica (construção civil),262
782140,Portaló nas operações de máquinas e equipamentos de elevação,261
375120,Decorador com balões,261
233125,Professor de ensino profissionalizante no ensino de nível médio ,261
765225,Costurador de lonas e encerados,259
261820,Fotojornalista,259
773125,Auxiliar de operador de serra circular múltipla,258
322125,Homeopata (não médico),256
519945,Indicador,255
311625,Técnico de fiação,255
720155,Mestre serralheiro de alumínio,254
710215,Subencarregado de terraplenagem,254
225165,Gastroenterologista,254
223705,Auxiliar de dietista,253
724105,Armador de manilhas,253
214115,Arquiteto de restauro,252
861205,Operador de eclusa,251
214935,Tecnólogo em gestão dos processos produtivos do vestuário,251
910115,Coordenador de manutenção eletrônica,248
841505,Operador de desnatadeira (fabricação de laticínios e afins),242
731315,Instalador de aparelhos telefônicos,242
773320,Ajudante de operador de serra,242
225330,Médico em radio  oncologia,241
811205,Calcinador,238
768610,Compositor de texto,235
716315,Auxiliar de vitralista,235
262115,Produtor de som (rádio),234
262220,Assistente de direção,234
760505,Supervisor de produção (artefatos de couro),234
773505,Operador  de seccionadora,234
784115,"Carimbador, a máquina",233
770110,Encarregado de carpintaria,233
761327,Enformador de malharia,232
811130,Misturador de tintas,230
516135,Maquiador artístico,229
225139,Epidemiologista,228
234425,Professor de clínica cirúrgica (ensino superior),228
222105,Engenheiro de irrigação e drenagem,228
203020,Fisiologista (exceto médico),228
620110,Capataz da exploração agropecuária,227
225230,Cirurgião pediátrico,226
732115,Ajudante de cabista,226
122105,Diretor de produção na agropecuária,225
224140,Auxiliar técnico no futebol,225
234905,Professor de artes cênicas no ensino superior,224
215120,Capitão de cabotagem (comandante),224
724610,Cableador (cabos de aço),224
811820,Fraldeiro,222
321210,Administrador florestal,222
760405,Contramestre da indústria de calçados,222
643005,Trabalhador na operação de sistemas de irrigação e aspersão (canhão),221
318410,Desenhista de desenho animado,221
712130,Operador de cone de separação (minas),221
622420,Floricultor no cultivo de mudas,219
513105,Governanta de residência,218
766105,"Gravador de clichês (madeira, borracha ou linóleo)",217
716605,Calafate,217
214120,Arquiteto da paisagem,216
720140,Encarregado de oxicorte,216
782820,Ciclista de carga,215
710225,Encarregado de setor de concreto,215
771115,Marceneiro modelista,215
772115,Ajudante de estufador (madeira),214
752225,Foscador de vidro a jato de areia,213
223535,Enfermeiro de berçário,212
354410,Avaliador de propriedade,210
373130,Operador de externas,209
239435,Desenhista instrucional,208
516315,Ajudante de lavador de tapetes,208
768120,Mamucabeira,205
711310,Sondador de poços tubulares e sistemas rotativos,205
841115,Moageiro,203
823215,Forneiro de vidro,202
262810,Bailarino criador,200
214225,Engenheiro civil (fundações),199
376305,Animador de eventos,199
314615,Inspetor dimensional (estruturas metálicas),197
262110,Produtor de imagem (cinema),197
725025,Ajustador de agulhas,196
862130,Compressorista de ar,195
766225,Impressor de plásticos,195
321110,Técnico em agropecuária,195
642015,Operador de máquinas florestais (tratores),195
241020,Advogado (direito administrativo),195
141105,Coordenador de produção de madeira,195
214240,Engenheiro civil (fundações),192
214525,Engenheiro químico (borracha),191
848405,Classificador de café,190
761309,Labirinteira (rendas e bordados),190
225148,Ceteísta,190
201220,Inspetor de ensaios metrológicos,187
832110,Operador de supercalandra,187
760105,Encarregado de acabamento (indústria têxtil),187
353210,Tesoureiro,186
765105,"Cortador, a  balancim",186
213405,Oceanólogo,186
768305,Bolseiro (bolsas de couro),185
415125,Ficharista,184
623005,Amansador,182
620115,Capataz (criação de gado bovino),182
241015,Advogado (direito de família e sucessões),181
919315,Mecânico de bicicletas,180
911310,Mecânico de rotativa (indústria gráfica),180
519805,Garota de programa,179
422125,Guest relations,178
612005,Agricultor familiar polivalente,178
262205,Assistente de direção de cinema,178
131205,Diretor clínico,178
225127,Médico pneumotisiologista,177
215315,Instrutor de pilotagem (aviação),177
725310,Montador mecânico de máquinas agrícolas,177
422115,Atendente de seguro saúde,176
252215,Perito assistente (contador),175
261815,Fotógrafo social,175
142340,Ombudsman,174
211115,Analista de pesquisa operacional,174
424125,Técnico em estatística (escriturário),174
954115,Mecânico de manutenção (equipamento de edifícios),174
261705,Apresentador de rádio e televisão,171
314605,Técnico de ensaios mecânicos (caldeiraria),170
831125,Ajudante de fabricação de celulose,170
311605,Técnico têxtil (beneficiamento),170
833125,Operador de prensa a fabricação de papel,170
768710,Restaurador de livros e documentos,169
252505,Analista de planejamento financeiro,169
811810,Drageador,169
010110,General de brigada,168
761205,Abridor de lã,168
752430,Ceramista fileteiro,168
377220,Observador (futebol),167
122610,Diretor de gestão portuária,167
991120,Operador de máquinas e veículos especiais na conservação de vias permanentes (trilhos),167
821430,Operador de jato de areia,166
131110,Diretor de departamento de esportes,166
341105,Piloto comercial,166
225203,Cirurgião vascular,166
214110,Engenheiro arquiteto,165
762215,Rebaixador de base (couros),165
142130,Analista de gerenciamento de riscos,162
991205,Eletricista de manutenção de parques de diversões,162
764105,Cortador de calçados,162
768620,Chapista paginador,162
261310,Especialista em conservação de acervos,160
252720,Analista de estoque,159
723230,Cromador de metais,158
374135,Engenheiro projetista de áudio,157
513305,Camareiro(a) de teatro,157
768105,Operador de tear manual,157
761245,Acertador de maçaroqueira,157
202120,Tecnólogo em automação,156
373225,Chefe de operações de sistemas de televisão e produtoras de vídeo,156
725215,Montador de máquinas de fiação,155
913110,Mecânico de manutenção de britagem,155
722220,Maquinista de fundição (centrífuga),153
720145,Encarregado de montagem de tubos,153
761415,"Operador de máquinas de flanelar (peletizar, lixar) tecidos",151
422335,Monitor de apoio ao teleatendimento,151
720125,Chefe de setor de fundição de metais,150
711110,Cortador de pedras na extração de pedras,150
234604,Professor de alemão,150
822115,Forneiro de fundição,150
830105,Chefe de acabamento de papel,150
225335,Médico em medicina laboratorial,150
203220,Engenheiro pesquisador (engenharia mecânica),149
841610,Operador de máquina de torrefação de cacau,149
632125,Abatedor na extração de madeira,148
251230,Analista de ecodesenvolvimento (economista),148
611005,Agropecuarista,147
252530,Analista de planejamento financeiro,146
720105,Mestre de afiação (ferramentas),146
623215,Suinocultor exclusive conta  própria,146
768605,Copiador de texto na tipografia,145
722225,Fundidor a pressão,145
761215,Cardista,145
234120,Professor de informática (no ensino superior),145
324110,Operador de eletrocardiógrafo,145
860110,"Contramestre (distribuição de energia elétrica, gás e água)",145
142120,Tecnólogo em gestão de cooperativas,144
261505,"Adaptador de obras para teatro, cinema e televisão",143
833115,"Operador de máquina de cortar, colar e dobrar celofane e similar",143
519215,Enfardador de material de sucata (cooperativa),143
766325,Enramador gráfico de corte e vinco,143
716515,Calceteiro (pastilheiro),142
239210,Pedagogo especializado em deficiência física,142
712105,Caieiro na fabricação de cal,141
214930,Tecnólogo em gestão dos processos produtivos do vestuário,141
122705,Diretor adjunto comercial em operações de intermediação financeira,141
141725,Administrador de carteiras de crédito imobiliário,141
715310,Armador de ferragens na construção civil,141
342555,Fiscal de pátio (aeroporto),140
214210,Engenheiro de planejamento,140
711120,Assistente de cabo de fogo,140
511405,Guia de turismo especializado em atrativo turístico,139
723225,Cromador de metais,138
373145,Assistente de câmera externa,138
251210,Analista agroindustrial (economista),136
715515,Carpinteiro de estúdio,136
225105,Legista,136
752410,Decorador de vidro a  decalque,136
761303,Tecedor de redes,135
376320,Animador de televisão,135
722405,Operador de máquina de cablear,135
622410,Floricultor no cultivo de flores em vaso,134
391140,Programador e controlador de materiais,134
630110,Encarregado da área florestal,134
725305,Montador de equipamentos de levantamento e movimentação,133
239425,Auxiliar de supervisor escolar,133
782105,Operador de equipamento de dragagem,133
632115,Auxiliar de inventário,133
420130,Encarregado de telefonistas,132
223204,Dentista,132
261410,Intérprete comercial,132
723205,Operador de linha de decapagem,131
761810,Inspetor de bobinas (produção têxtil),130
848105,Charqueador,130
914205,Mecânico de manutenção mariner,129
214280,Tecnólogo em construção civil modalidade edifícios,129
254505,Agente fiscal(atividades urbanas),129
322430,Atendente de clínica dentária,128
750205,Mestre da indústria de minerais não metálicos (exceto os derivados de petróleo e carvão),127
516105,Ajudante de cabeleireiro,126
823110,Preparador de composição de matéria prima (vidro),126
141735,Administrador de carteiras de crédito imobiliário,126
914420,Reparador de tratores,126
724230,Cravador de metais,126
122305,Diretor de contratos de obras pública e civil,126
421315,Localizador externo,126
141525,Gerente de operações de turismo,126
841428,Operador de máquina na industrialização do pescado,126
214530,Engenheiro químico (meio ambiente),125
262425,Desenhista industrial de acessórios,124
823250,Operador de cerâmica (fundição de vidro),124
612505,Bananicultor,124
910125,Mestre de manutenção de máquinas de cardas,124
820120,Mestre de forno de resistência,123
222120,Consultor técnico em exploração vegetal,121
752325,Ceramista (confecção de moldes),121
213215,Tecnólogo em processos químicos industriais,121
225280,Cirurgião proctologista,120
763120,Programador de encaixe (cad),120
262505,Artista de cinema,120
715215,Pedreiro de chaminés,119
318430,Desenhista de embalagens,119
142355,Analista de mercado internacional,119
233135,Professor de ensino profissionalizante no ensino de nível médio ,118
765005,Chapeleiro de chapéus de luxo,118
810105,Supervisor de operação (indústria petroquímica e carboquímica),118
262905,Ambientador,118
377205,Coordenador de câmara de chegada,118
374205,Construtor de cenários,117
782315,Chofer de praça,117
765240,Capoteiro,116
841740,Misturador de vinagre,116
513225,Cozinheiro de bordo,116
373115,Operador de gravação,116
765230,Tapeceiro de aviões,115
351810,Agente policial,115
761820,Inspetor de tecidos crus,115
261710,Comentarista cultural,114
223520,Instrumentador cirúrgico (enfermeiro),114
722315,Acabador de moldes (fundição),114
731165,"Auxiliar de bobinagem, à mão",113
764205,Costureiro de calçados a  máquina,112
762340,Amaciador de couros e peles,112
214010,Tecnólogo em gestão ambiental,111
515320,Conselheiro de dependente químico,111
234910,Professor de artes cênicas no ensino superior,111
761805,Revisor de silk screen,111
725410,Mecânico de motores marítimos,111
211120,Matemático computacional,110
374415,Compositor de imagens,110
811410,Destilador de glicerina,110
915115,Instrumentista de laboratório (manutenção),109
234648,Professor de português,108
821330,Laminador de metais não ferrosos,108
848415,Provador de cacau,108
622310,"Trabalhador da cultura de feijão, lentilha e ervilha",108
318110,Desenhista de cartografia,107
761345,"Confeccionador de tapetes e passadeiras, a  máquina",107
782805,Cangueiro carro de boi,107
214360,Engenheiro operacional em eletrotécnica,107
261415,Lexicógrafo,107
322245,Auxiliar de saúde marítimo,106
262135,Tecnólogo em produção audiovisual( cinema e vídeo),106
764120,Asperador de solas e palmilhas,105
861115,Maquinista de usina termoelétrica,105
720120,Mestre de seção de forjaria (fornos),105
841310,Controlador da velocidade de equipamentos na refinação de açúcar,105
953105,Especialista em sistema elétrico de aviões,105
373140,Controlador de programação,104
516140,Calista,104
203025,Agrostólogo,103
711325,Despachante de plataforma (petróleo),103
841476,Controlador de dosadores de rações,103
341115,Piloto comercial,101
122725,Diretor adjunto comercial em operações de intermediação financeira,101
311115,Técnico químico em couro,100
391225,Técnico de controle interno na produção,100
861110,Operador de quadro de alimentação (subestação de distribuição de energia elétrica),100
641005,Operador de estufas mecânicas,99
761354,Barbanteiro,99
324120,Operador de raio x,99
225220,Cirurgião do aparelho digestivo,98
239420,Auxiliar de orientação pedagógica,97
373120,Operador de externas,97
372105,Cameraman (cinema),97
371210,Técnico de arquivo (museologia),96
223268,Cirurgião oral e maxilofacial,96
813110,"Operador industrial (química, petroquímica e afins)",96
114305,Coordenador de entidade religiosa,96
623105,Adestrador de animais de trabalho ( asininos e muares),95
251115,Cientista social,95
840110,Mestre cervejeiro,95
211105,Analista de pesquisa operacional,94
122505,Analista de turismo (turismólogo),94
773330,Ajudante de operador de serra,94
262705,Músico intérprete cantor erudito,93
764110,Cortador de palmilhas,93
811335,Operador de equipamentos de parafinar,92
765215,Costureiro de artefatos de tecido (brinquedos),92
915110,Instrumentista de laboratório (manutenção),92
141110,Coordenador de produção de madeira,91
214220,Engenheiro civil (fundações),91
234440,Professor de clínica cirúrgica (ensino superior),91
523120,Adesivador,90
725510,Operador de equipe de montagem (veiculos automotores),90
325010,Flavorista,89
711105,Classificador de amostras na mineração,89
841440,Ajudante de esterilização (indústria alimentícia),89
723210,Operador de superfosfato,88
234672,Professor de lingüística,88
742120,Confeccionador de tambores (música),88
954110,Mecânico de manutenção (equipamento de edifícios),88
782705,Contramestre fluvial,88
623315,Auxiliar de incubação,87
717025,Operador de vibrador de concreto,87
252315,Assessor trilíngüe,86
524310,Vendedor de pipocas ambulante,86
318815,Moldador de roupas,86
760120,Contramestre de indústrias têxtil,86
515315,Conselheiro de dependente químico,85
752405,Aplicador de decalque em cerâmica,85
752320,Modelador ceramista,85
225110,Alergista,85
751005,Cravador de jóias,85
822110,Operador de forno poço,85
211210,Bioestatístico,84
411055,Mobilizador de recursos,84
391110,Apontador de tempo (produção),84
823230,Manipulador de moldados (abrasivos),84
374120,Desenhista de som,84
511115,Aeromoça,83
632015,Coletor de sementes (floresta),83
768630,Confeccionador de carimbos,81
724215,Edificador de casco (navios),81
311520,Analista de estação de tratamento de efluentes,81
323105,Técnico em avicultura,81
751010,Joalheiro na confecção de bijuterias e jóias de fantasia,81
010115,Almirante,80
263115,Agbá,80
715540,Carpinteiro de pontes,80
723325,Pintor especializado em pintura acrílica,80
234125,Professor de informática (no ensino superior),80
241325,Registrador imobiliário,80
723115,Recozedor e normalizador de metais,80
311705,Tingidor de fios,78
519920,Enxugador de quadra,78
761357,Barbanteiro,78
271110,Gastrólogo,78
517325,Guarda rural,78
516410,Lavador de roupa a seco,78
911315,Mecânico de rotativa (indústria gráfica),77
253130,Coordenador de mídia,77
716310,Vidraceiro de clarabóias,77
322105,Acupuntor,77
820105,Supervisor de calcinação,77
811305,Ajudante de operador de centrífugas,76
612405,Floricultor  de flores de corte,76
773115,Destopador (madeira),76
241310,Registrador civil de pessoas jurídicas,76
768310,Bolseiro (bolsas de couro),76
720220,Líder (construção de fornos),76
862115,Operador de gaseificação de carvão,76
421210,Auxiliar de apostas,75
722110,Forjador a martelete,75
223260,Odontoradiologista,75
318120,Desenhista de instalações de combate a incêndio,74
225340,Hemoterapeuta,74
211220,Bioestatístico,73
642010,Operador de máquinas florestais (colheitadeira),73
720130,Chefe de setor de cromação,73
782125,Maquinista ferroviário,73
716530,Acabador de mármore e granito,72
251515,Psicólogo desportivo,72
311305,Técnico ceramista,72
373135,Controle mestre,71
765010,Chapeleiro de chapéus de luxo,71
782620,Operador de automotriz,71
351515,Escrevente técnico estenotipista,71
623210,Ovinocultor exclusive conta própria,70
239225,Monitor de braile,70
811630,Operador de controle de produção de carboquímico,70
234628,Professor de português,70
114210,Assistente sindical de entidades patronais,70
821220,Forneiro (fundição),70
261720,Comunicador de mídias audiovisuais,69
513310,Camareiro(a) de televisão,69
223240,Dentista de aparelho,69
613305,Avicultor avozeiro,69
623010,Inseminador de animais,68
201210,Metrologista de calibrações,68
782210,Doqueiro,68
214435,Tecnólogo em mecânica,68
724225,Riscador de estruturas de aço,68
203515,Historiador,67
711315,Condutor de perfuradora de precisão,67
342515,Controlador de vôo,67
372110,Cameraman (cinema),67
766410,"Fotógrafo laboratorista filmes fotográficos, em preto e branco",67
862310,Operador de co processamento de resíduos,66
225255,Cirurgião de mama,66
732140,Instalador fotovoltaico,66
377120,Atleta de judô,66
768315,Boleiro (fabricação de bolas de couro),66
318310,Desenhista técnico em calefação,65
720205,Supervisor de construção naval,65
223570,Enfermeiro de saúde publica,65
643015,Trabalhador na operação de sistemas de irrigação e aspersão (canhão),64
262610,Orquestrador,64
224130,Treinador assistente de modalidade esportiva,64
622510,Trabalhador da cultura de abacaxi,64
319205,Técnico em madeira e mobiliário,64
301115,Analista de laboratório químico  (petróleo),64
241335,Notário,64
512120,Faxineiro no serviço doméstico,62
242405,Defensor público estadual,62
775105,Escultor de madeira,62
514115,Fiscal de capela,61
351415,Escrivão de cartório,61
841110,Moedor de condimento,61
722330,Auxiliar de preparação de areia,61
316120,Técnico de metalografia e petrografia,60
823105,Preparador de massa abrasiva,60
828105,Cortador de telhas,60
142345,Defensor de interesses ( relações governamentais),58
225315,Médico nuclear,58
710105,Gerente técnico de produção (mineração),58
318420,Desenhista de fotoestamparia,58
318415,Desenhista letrista,58
515115,Assistente de parto,58
223560,Enfermeiro de saúde publica,57
811320,Operador de filtragem (filtro de tambor rotativo),57
811815,Drageador,57
342405,Agente de pátio e terminais (ferrovia e metrô),56
761312,Operador de tear de jacquard,56
781705,Mergulhador,56
261810,Fotógrafo científico,56
517320,Guarda rural,55
234105,Professor de cálculo numérico (no ensino superior),55
715225,Pedreiro de mineração,55
203225,Engenheiro pesquisador (materiais),55
822120,Operador de forno de tratamento térmico,54
725320,Montador mecânico de máquinas de terraplenagem,54
820125,Supervisor de forno poço,54
811505,Operador de processo (petróleo),54
766245,Impressor de tipografia,53
223252,Protesista bucomaxilofacial,53
761405,"Operador de máquinas de cozinhamento e alvejamento de fibras soltas, fios e tecidos",53
342530,Atendente de aeroporto,53
203510,Historiador,53
731310,Especialista em linha de transmissão,53
234632,Professor de português,52
823235,Ajudante de banhos (vidros),52
766140,Chapista gráfico,52
374310,Operador cinematográfico,52
215150,Capitão de cabotagem,51
761321,Operador de tear mecânico liso,51
775110,Chapeador de fórmica,51
215220,Inspetor de manutenção de máquinas aquaviárias,51
131215,Administrador de ambulatório,51
225215,Cirurgião de cabeça e pescoço,51
262815,Bailarino coreógrafo,51
253135,Agenciador de publicidade,50
823305,Classificador e empilhador de tijolos e telhas,50
742130,Confeccionador de tambores (música),50
377140,Atleta de triatlo,49
351420,Escrivão de cartório,49
415120,Ficharista,49
223525,Enfermeiro intensivista,48
773215,Operador de prensa de compensados,48
374425,Diretor de corte,48
423115,Despachante de veículos,48
214375,Especialista em telecomunicações ( tecnólogo ),48
766210,Impressor de segurança,47
773205,Operador de passadeira  na fabricação de compensados,47
224110,Cinesiólogo ludomotricista,47
375125,Assistente de produção (moda),47
513320,Camareiro no transporte marítimo e fluvial,47
823130,Preparador de aditivos e massas refratárias,47
215310,Piloto de provas,46
623310,Avicultor  de postura exclusive conta própria e empregador,46
424130,Técnico em estatística (escriturário),46
262805,Bailarino criador,46
516805,Analista kirlian,45
911130,Mecânico de turbinas e caldeiras,45
911125,Mecânico de manutenção de transmissão,45
722235,Ajudante de preparador de lingotamento,44
311720,Colorista,44
316305,Técnico de mineração (minerais sólidos),44
725220,Montador de máquinas de fiação,44
623120,Campeiro (bubalinos),44
261105,Diretor adjunto,43
841715,Auxiliar de fermentação,43
241215,Procurador distrital,43
722230,Operador de lingotamento,43
222215,Tecnólogo em agroindústria,43
630105,Encarregado da aqüicultura,43
517335,Agente da guarda portuária,42
223815,Audiologista (fonoaudiólogo),42
766115,"Gravador de clichês (madeira, borracha ou linóleo)",42
351610,Supervisor de segurança do trabalho,42
773310,Ajudante de operador de serra,41
214520,Engenheiro de celulose e papel,41
241330,Registrador de títulos e documentos,41
314610,Técnico de ensaios mecânicos (caldeiraria),41
623325,Selecionador de pintos por sexo,41
751115,Gravador de jóias,41
762315,Amaciador de couros e peles,40
241320,Registrador civil de pessoas naturais,40
752315,Operador de torno semi automático (cerâmica),40
322425,Atendente de clínica dentária,40
622115,Plantador de milho e sorgo conta própria,40
722305,Acabador de macho na fundição,39
831105,Condutor de máquina de secagem na fabricação de pasta/celulose,39
761324,"Operador de tear mecânico, exceto jacquad",39
717005,Demolidor de casas,39
142710,Tecnólogo em saúde,39
848205,Operador de máquina de pasteurizar,39
768210,Cerzideira de malha,38
821420,Operador de desbobinadeira da linha de decapagem,38
324215,Citotecnologista,38
761235,Arriador de filatório,38
752220,Foscador de vidro a ácido,37
832115,Condutor de máquina de papel (fase úmida),37
234115,Professor de amostragem estatística (no ensino superior),37
352320,Fiscal têxtil,37
423110,Despachante de veículos,37
822105,Forneiro auxiliar de cubilô,36
225325,Médico anatomopatologista,36
823245,Ampoleiro (jarras e garrafas térmicas),36
214805,Agrimensor,36
811105,Operador de moinho (tratamentos químicos e afins),36
763315,Preparador de produção de peças para bordar,36
203415,Pesquisador das ciências agrárias,36
321205,Assistente técnico em madeira,36
225180,Geriatra,36
848410,Provador de chá,35
519115,Bikeboy,35
710115,Gerente técnico de produção (mineração),35
262605,Autor de música,35
712110,Operador de beneficiamento de minérios,34
841315,Operador de secador na fabricação de açúcar,34
751015,Joalheiro na reparação,34
715520,Carpinteiro de estúdio,33
751105,"Laminador de metais preciosos, à máquina",32
374130,Mixador,32
225160,Fisiatra,32
252535,Analista de planejamento financeiro,32
312310,Auxiliar técnico de hidrografia,31
773335,Ajudante de operador de serra,31
233105,Professor de ensino profissionalizante no ensino de nível médio ,31
821325,Laminador de metais não ferrosos,31
516130,Maquiador artístico,31
821230,Operador de basculamento de convertedor,31
223212,Canalista,30
223280,Dentística restauradora,30
241030,Advogado (abuso do poder econômico),30
122710,Diretor adjunto comercial em operações de intermediação financeira,30
721310,Afiador ambulante,30
234684,Professor de crítica textual,30
766240,Impressor de tipografia,30
776430,"Confeccionador de vassouras de piaçaba, palha, cerdas plásticas e náilon",30
376110,Bailarinos de danças parafolclóricas,30
711220,Condutor de máquina contínua de extração,30
761420,Operador de chamuscadeira/desengomagem de tecidos,30
123210,Diretor de capital humano,29
721320,Afiador de lâminas,29
253410,Criador de conteúdo digital,29
720160,Mestre serralheiro de alumínio,29
214810,Cartógrafo,29
202115,Tecnólogo em mecatrônica industrial,29
821425,Operador de desbobinadeira da linha de decapagem,29
203010,Carcinologista,28
823330,Fundidor de pedras artificiais,28
234110,Professor de matemática (no ensino superior),28
724605,Laceiro de cabos de aço,28
214705,Consultor técnico na extração mineral,27
742115,Encordoador de instrumentos musicais,27
842210,Capeador de charutos,27
241235,Procurador de fundação,27
214615,Tecnólogo em processos metalúrgicos,27
751020,Lapidador de diamantes,27
214230,Engenheiro civil (fundações),27
842110,Operador de conjunto de secador de fumo,27
773130,Alimentador de serra de fita,27
771120,Marceneiro adueleiro,27
225240,Cirurgião torácico,27
131220,Administrador de ambulatório,27
374215,Maquinista de cenário,27
122720,Diretor adjunto comercial em operações de intermediação financeira,26
122520,Analista de turismo (turismólogo),26
516605,Crematório,26
324125,Tecnólogo em oftalmologia,26
354825,Gestor de evento,26
776405,Balaieiro,26
832120,Condutor de máquina de papel (fase úmida),25
823220,Operador de forno de recozimento (vidro),25
225175,Médico alopata,25
214245,Engenheiro civil (terraplanagem),25
377145,Boxeador,25
821210,Forneiro conversor a oxigênio,25
712230,Acabador de pedras,25
722410,Estirador de tubo de metal,25
316110,Técnico de metalografia e petrografia,25
761105,Classificador de algodão em caroço,25
262120,Produtor de som (teatro),25
242305,Autoridade policial (delegado),25
131320,Chefe de centro de formação profissional privado,24
141820,Gerente de cargas,24
751120,Laminador de metais preciosos,24
761315,Operador de tear mecânico de maquineta,24
262825,Maître de ballet,24
377115,Golfista profissional,24
376225,Treinador de animais (circense),24
513325,Encarregado de guarda roupa de cinema,24
214920,Engenheiro de segurança industrial,24
519915,Lustrador engraxate,24
712210,Gravador de inscrições em mármore,24
752420,Esmaltador cerâmico,24
632205,Balateiro,24
122110,Diretor de produção na agropecuária,24
914110,Técnico em manutenção de sistema hidráulico de aeronaves,24
342605,Agente de estação portuária,24
722310,Operador de máquina de fabricar machos (ar comprimido),23
261515,Autor de ficção,23
773210,Prensista de aglomerado de madeira,23
841444,Operador de hidrogenação,23
724430,Chapeador de aviões,23
811120,Operador de central de britagem (tratamentos químicos e afins),23
122750,Diretor adjunto comercial em operações de intermediação financeira,23
320110,Técnico de biotério,23
862140,Operador de bombas (estação de bombeamento),22
373230,Chefe de operações de sistemas de televisão e produtoras de vídeo,22
915405,Auxiliar técnico na reparação de equipamentos fotográficos,22
842135,Mecânico  operador (cigarros),22
234676,Professor de crítica textual,22
760110,Encarregado geral de fiação,22
782135,Portaló nas operações de máquinas e equipamentos de elevação,22
251105,Paleetnólogo,22
761363,Tecelão de fitas,22
712215,Ornamentador,21
142350,Analista de mercado internacional,21
341215,Capitão de pequena cabotagem,21
234455,Professor de clínica cirúrgica (ensino superior),21
782810,Arreador,21
724125,Ajudante de gasista,21
773420,Operador de fingirjoint,21
782815,Chamador de bois,21
122605,Coordenador geral de operações de correios,21
201225,Inspetor de ensaios metrológicos,20
113010,Morubixaba,20
517210,Inspetor de polícia rodoviária federal,20
752425,Espelhador,20
341110,Piloto comercial,20
782725,Marinheiro fluvial de máquinas,19
225295,Cirurgião da mão,19
724420,Chapeador de automóveis,19
642005,Operador de máquinas florestais (colheitadeira),19
251110,Paleetnólogo,19
376235,Ilusionista,19
214130,Planejador urbano,19
377230,Anotador (judô),19
773305,Ajudante de operador de serra,19
141805,Gerente de aeródromo,19
777105,Carpinteiro (tripulante de embarcações),18
742105,Encordoador de instrumentos musicais,18
214940,Higienista industrial,18
223840,Audiologista (fonoaudiólogo),18
223430,Farmacêutico em controle de qualidade e tratamento de água,18
322250,Auxiliar de saúde marítimo,18
242910,Analista de suporte à inteligência ( grupo apoio),18
823240,Garrafeiro (fabricação),18
773350,Ajudante de operador de serra,17
768125,Acabador de chapéus de palha,17
376215,Atirador de facas,17
261525,Letrista,17
761240,Acertador de maçaroqueira,17
919115,Lubrificador naval,17
711115,Aparelhador de pedra (mina),17
848425,Classificador de bebida,17
314805,Inspetor de equipamentos (estruturas metálicas),17
811625,Ajudante de destilação de amônia,17
142140,Analista de gerenciamento de riscos,17
781105,Operador de processos automatizados de pintura,16
811415,Destilador,16
262215,Assistente de direção de teatro,16
742110,Encordoador de instrumentos musicais,16
832105,Operador de supercalandra,16
724135,Instalador de tubulações de vapor,16
314715,Assistente técnico de fundição em siderurgia,16
376205,Saltador,16
314315,Técnico mecânico naval,16
222115,Consultor técnico em aqüicultura,16
010215,Capitão de corveta,16
862510,Operador de central de refrigeração,16
341205,Capitão de pequena cabotagem,16
233220,Instrutor de aprendizagem agroindustrial e florestal,16
234608,Professor de italiano,16
223820,Audiologista (fonoaudiólogo),15
141810,Gerente de aeroportos,15
262230,Gerente de programação,15
141815,Gerente de aeroportos,15
841210,Auxiliares de produção de refinação de sal,15
740110,Supervisor de fabricação de instrumentos de precisão,15
761230,Arriador de filatório,15
613405,Abelheiro,15
631020,Curraleiro de pesca artesanal de peixes e camarões,15
213410,Oceanólogo,15
811315,Operador de equipamentos de secagem (mineração),15
643025,Trabalhador na operação de sistemas de irrigação e aspersão (canhão),15
821240,Líder de recebimento de gusa,15
376250,Bonequeiro,15
342560,Fiscal de pátio (aeroporto),15
374410,Editor de imagens,15
241230,Procurador municipal,14
622210,Bagaceiro de sisal,14
741120,Instrumentista de precisão,14
373125,Operador de externas,14
223256,Odontólogo protesista,14
762325,Amaciador de couros e peles,14
766135,Ajudante de montagem e fotolito,14
725030,Ajustador de agulhas,14
516810,Parapsicólogo,14
234210,Professor de química inorgânica (ensino superior),14
761330,Operador de máquina circular de malharia,14
711245,Operador de patrola,14
622305,"Trabalhador da cultura de feijão, lentilha e ervilha",14
203525,Historiador,14
223825,Audiologista (fonoaudiólogo),14
910120,Coordenador de manutenção eletrônica,14
822125,Carregador de forno de segunda fusão e reaquecimento,14
141520,Dono de pensão conta própria,13
813105,"Operador industrial (química, petroquímica e afins)",13
314825,Inspetor de dutos terrestres,13
234415,Professor de clínica cirúrgica (ensino superior),13
234660,Professor de lingüística,13
214275,Analista de projetos viários,13
821110,Operador de forno de sinterizar,13
622515,Colhedor de uva,13
613010,Cachorreiro,13
213145,Físico (estado sólido),13
223232,Dentista de idosos,13
314845,Inspetor de manutenção (elétrica e instrumentação),13
821225,Forneiro (fundição),13
716540,Rejuntador (construção civil),13
251525,Psicólogo criminal,13
214945,Higienista industrial,12
715420,Balanceiro de concreto,12
223540,Enfermeiro de berçário,12
234652,Professor de lingüística,12
861120,Operador de central termonuclear,12
711410,Abridor nas salinas,12
377130,Atleta do hipismo,12
991110,Auxiliar de manutenção de linha férrea,12
201215,Inspetor de ensaios metrológicos,12
782720,Marinheiro fluvial de máquinas,12
752115,Ampoleiro,12
214515,Engenheiro químico (cerâmica),12
351815,Datiloscopista,12
377135,Atleta do hipismo,12
122735,Diretor adjunto comercial em operações de intermediação financeira,12
622105,Arrozeiro na cultura conta própria,11
316320,Prospector,11
225115,Angiologista,11
376410,Manequim,11
225305,Citopatologista,11
840115,Encarregado de abridores (fumo),11
374145,Dee jay,11
318210,Desenhista técnico de aeronaves,11
831110,Branqueador de pasta  de celulose para fabricação de papel,11
324135,Técnico do sono,11
716535,Colocador de tacos,11
262210,Assistente de direção de cinema,11
241315,Registrador civil de pessoas naturais,11
631325,Alimentador de peixe,10
424205,"Assistente de coordenação (concurso, avaliação, exame)",10
781110,Operador de robô de soldagem,10
215130,Capitão de cabotagem (imediato),10
213415,Oceanólogo,10
233115,Professor de ensino profissionalizante no ensino de nível médio ,10
762220,Rebaixador de base (couros),10
622120,Plantador de trigo conta própria,10
811115,Operador de central de britagem (tratamentos químicos e afins),10
251235,Analista de desenvolvimento regional (economista),10
613115,Cabanheiro leite,10
711125,Madeireiro de subsolo na mineração,10
751130,"Trefilador de metais preciosos, a  máquina",9
376310,Animador de festas populares,9
213160,Físico nuclear,9
623410,Apicultor exclusive conta própria e empregador,9
776425,Confeccionador de esteiras,9
374150,Dee jay,9
751110,"Laminador de metais preciosos, à máquina",9
775120,Ajudante de lustrador,9
377210,Coordenador de câmara de chegada,9
842105,Manipulador de essência e melado (fumo),9
848605,Fermentador de fumo,9
612410,Floricultor de flores em vaso,9
261520,Biógrafo,9
010210,Capitão do exército,9
354405,Pregoeiro,9
251550,Analista (psicanálise),9
010315,Cabo da marinha,8
823255,Forneiro temperador,8
211215,Bioestatístico,8
314705,Técnico de linhas de acabamento em siderurgia,8
823115,Operador de moinhos (argila),8
312315,Auxiliar técnico de hidrografia,8
613205,Caprinocultor,8
823135,Preparador de aditivos e massas refratárias,8
782615,Operador de locomotiva (transporte metropolitano),8
122510,Analista de turismo (turismólogo),8
316315,Técnico de processos minerais,8
820115,Supervisor de alto forno,8
842120,Auxiliar de produção de fumo,8
841615,Operador de máquina de torrefação de cacau,8
351805,Agente de investigação privada,8
242410,Defensor público estadual,8
632105,Marcador de toras,8
262225,Gerente de programação,8
322115,Técnico em podologia,8
122515,Analista de turismo (turismólogo),8
761220,Cardista,8
781310,Operador de aeronaves pilotadas remotamente,7
214430,Engenheiro de construção naval,7
612420,Floricultor de plantas ornamentais,7
523125,Adesivador,7
376245,Clown,7
341210,Capitão de pequena cabotagem,7
811325,Operador de filtragem (filtro de tambor rotativo),7
511505,Piloteiro de turismo de pesca,7
351910,Técnico de suporte à inteligência (grupo apoio),7
722210,Ajudante de lingotamento,7
234215,Professor de química inorgânica (ensino superior),7
613310,Coelheiro,7
234445,Professor de clínica cirúrgica (ensino superior),7
811405,Alcatroeiro,7
821245,Controlador de carro torpedo,7
113015,Coordenador de associação quilombola,7
263110,Bikku bikkhuni,7
811725,Confeccionador de câmaras de ar,7
314835,Inspetor de controle dimensional (caldeiraria e tubulação),7
915215,Afinador de piano,6
142135,Analista de gerenciamento de riscos,6
811645,Operador de controle de produção de carboquímico,6
030205,Capitão do corpo de bombeiros militar,6
761110,Lavador de fibras na indústria têxtil,6
710110,Gerente técnico de produção (mineração),6
141825,Gerente avsec (segurança da aviação civil),6
831115,Branqueador de pasta  de celulose para fabricação de papel,6
777110,Carpinteiro (tripulante de embarcações),6
322240,Auxiliar de saúde marítimo,6
325005,Enotécnico,6
141120,Administrador de empresas de pesca,6
841305,Operador de evaporador para concentração do xarope na refinação de açúcar,6
203420,Pesquisador das ciências agrárias,6
612315,Alfaceiro,6
122120,Diretor de produção em empresa pesqueira,6
782710,Contramestre fluvial,6
316310,Técnico de produção na extração de petróleo,6
111330,Juiz do tribunal regional federal,6
811635,Operador de controle de produção de carboquímico,6
811605,Ajudante de destilação de amônia,6
374115,Engenheiro de master,6
213125,Cosmológo,6
214735,Consultor técnico na extração mineral,6
031105,Subtenente do corpo de bombeiros militar,6
201205,Metrologista de calibrações,6
711235,Operador de patrola,5
724425,Caldeireiro em arsenal,5
632605,Abastecedor de silos de carvão,5
762110,Trinchador,5
142610,Blender (cigarros),5
724120,Bombeiro eletricista,5
811425,Destilador de álcool,5
761333,Operador de máquina retilínea de malharia,5
820110,Supervisor de calcinação,5
225106,Legista,5
766130,Ajudante de montagem e fotolito,5
242905,Analista de suporte à inteligência ( grupo apoio),5
215215,Sub chefe de máquinas da marinha mercante,5
752415,Decorador de vidro a  decalque,5
632515,Trabalhador da exploração de angico,5
215210,Sub chefe de máquinas da marinha mercante,5
915210,Afinador de piano,5
516330,Passador de roupas em calandra,5
111305,Juiz do tribunal regional do trabalho,5
376330,Animador de circo,5
782715,Marinheiro fluvial de convés,5
811640,Operador de controle de produção de carboquímico,5
841464,Operador de prensadora de frutas,4
122115,Diretor de produção em empresa florestal,4
122730,Diretor adjunto comercial em operações de intermediação financeira,4
314730,Assistente técnico de fundição em siderurgia,4
760115,Encarregado geral de malharia,4
762120,Embocador,4
261510,Crítico de artes plásticas,4
772110,Impregnador de madeira (produtos antiinflamáveis),4
811610,Ajudante de destilação de amônia,4
223236,Dentista de criança,4
223272,Dentista de saúde coletiva,4
213155,Físico nuclear,4
213120,Cosmológo,4
225350,Médico neurofisiologista,4
223284,Dentista da dor,4
821255,Líder de convertedor,4
311725,Alvejador de couros,4
341220,Capitão de pequena cabotagem,4
203410,Pesquisador das ciências agrárias,4
761250,Operador passadista (fiação),4
214415,Engenheiro mecânico nuclear,4
761306,Labirinteira (rendas e bordados),4
761351,Barbanteiro,4
516705,Cosmoanalista,3
251545,Psicólogo organizacional,3
215135,Capitão de cabotagem,3
251535,Psicólogo organizacional,3
322140,Esteticista corporal,3
773220,Preparador de cola para madeira,3
725610,Mecânico de manutenção aeronáutica,3
516150,Calista,3
234430,Professor de clínica cirúrgica (ensino superior),3
141830,Gerente de investigação,3
723240,Anodizador e anodizador de metais,3
324140,Técnico do sono,3
225195,Hematologista,3
234644,Professor de português,3
862110,Chefe de máquina no transporte marítimo,3
223276,Odontologia ocupacional,3
141730,Administrador de carteiras de crédito imobiliário,3
223224,Dentista de idosos,3
215115,Capitão de cabotagem (comandante),3
613130,Criador de cavalo de raça,3
374155,Programador musical,3
841620,Operador de máquina de torrefação de cacau,3
010310,Cabo do exército,3
613005,Arrendatário (pecuária),3
613110,Bovinocultor empregador,3
010205,Capitão da aeronáutica,3
622810,Lavrador da cultura de especiarias,3
262620,Historiador em música,3
821335,Laminador de metais não ferrosos,3
631405,Bodegueiro (gelador industrial),3
811310,Operador de equipamentos (exploração de petróleo),3
953110,Eletricista de embarcações,3
631415,Vigia da proa,3
632110,Auxiliar de dendrometria,3
831120,Ajudante de fabricação de celulose,3
375130,Assistente de produção (moda),3
823125,Preparador de esmalte vítreo,3
030110,Major do corpo de bombeiros militar,3
783230,Bloquista (trabalhador portuário),3
377245,Apontador (vôlei),3
632005,Condutor de ecotrilha,3
515125,Auxiliar de sanitarista,2
314810,Inspetor de fabricação (acessórios de tubulação),2
123410,Diretor de compras,2
311615,Técnico de fiação,2
750105,Mestre (fabricação de artigos de ourivesaria e joalheria),2
725315,Montador de máquinas de extração e beneficiamento de minérios,2
612120,Agricultor na produção de gramíneas forrageiras,2
324130,Técnico em prova de função pulmonar,2
122755,Diretor adjunto comercial em operações de intermediação financeira,2
632405,Açaizeiro,2
122745,Diretor adjunto comercial em operações de intermediação financeira,2
234420,Professor de clínica cirúrgica (ensino superior),2
234612,Professor de francês,2
711240,Operador de patrola,2
622605,Barcaceiro na cultura de cacau,2
913125,Mecânico de equipamento pesado,2
113005,Morubixaba,2
622805,Lavrador da cultura de especiarias,2
322310,Contatólogo,2
322135,Esteticista corporal,2
632310,Apanhador de babaçu,2
841105,Moendeiro (farinheiro),2
517125,Gerente de fogo,2
517130,Gerente de fogo,2
341230,Agente de atuidade marítima e fluvial,2
420115,Supervisor de arrecadação (apostas e jogos),2
763115,Operador de máquina de enfestar,2
223555,Enfermeiro de saúde publica,2
223440,Farmacêutica criminalista,2
223425,Farmacêutico acupunturista,2
223288,Dentista de cuidados especiais,2
222125,Consultor técnico em exploração vegetal,2
841630,Operador de secador de mate,2
768615,Fundidor de tipos,2
812110,Arrematador de fogos,2
215140,Capitão de cabotagem,2
841720,Cantineiro (fabricação de vidros),2
776415,Confeccionador de escovas,2
848210,Ajudante de queijeiro,2
841730,Cozinhador de extrato de cerveja,2
213430,Oceanólogo,2
811510,Bombeador (refinação de petróleo),2
214265,Engenheiro civil (obras sanitárias),2
314720,Assistente técnico de fundição em siderurgia,2
223248,Dentista de gengivas,2
376315,Animador de rádio,2
761360,Tecelão de fitas,2
204105,Perito criminal federal,2
761210,Abridor de lã,2
841460,Graneador,2
841472,Controlador de dosadores de rações,2
376325,Animador de circo,2
842125,Operador de máquina de cigarros,2
762305,Amaciador de couros e peles,2
762115,Trinchador,2
030105,Coronel do corpo de bombeiros militar,1
821235,Auxiliar de dessulfuração e estação de mistura,1
842115,Blender de fumo,1
214380,Especialista em telecomunicações ( tecnólogo ),1
612320,Horticultor de frutos e sementes,1
631335,Ranicultor,1
631015,Lagosteiro,1
821310,Controlador de laminação,1
314815,Inspetor de ensaios não destrutivos (correntes parasitas),1
841725,Operador de germinação,1
612605,Cafeicultor empregador,1
316115,Técnico de metalografia e petrografia,1
612110,Agricultor na produção da cana de açúcar,1
812105,Arrematador de fogos,1
213165,Físico nuclear,1
376240,Ilusionista,1
314840,Inspetor de manutenção (elétrica e instrumentação),1
841705,Aguardenteiro (fabricação),1
612515,Produtor de framboesa,1
841625,Operador de máquina de torrefação de cacau,1
030115,Tenente coronel do corpo de bombeiros militar,1
752310,Ceramista artesanal,1
214710,Consultor técnico na extração mineral,1
723110,Recozedor e normalizador de metais,1
376405,Estátua viva,1
752120,Curvador de tubos de vidro,1
761225,Maquinista de conicaleira,1
742125,Confeccionador de tambores (música),1
341120,Piloto comercial,1
761255,Operador passadista (fiação),1
515130,Auxiliar de enfermagem socorrista,1
515140,Agente de controle de vetores,1
223580,Enfermeiro de saúde publica,1
223565,Enfermeiro de saúde publica,1
234636,Professor de português,1
351905,Técnico de suporte à inteligência (grupo apoio),1
515330,Agente de ressocialização prisional,1
353215,Tesoureiro,1
723105,Recozedor e normalizador de metais,1
632315,Apanhador de bacaba,1
239440,Desenhista instrucional,1
239445,Desenhista instrucional,1
424210,"Chefe de sala (concurso, avaliação, exame)",1
215145,Capitão de cabotagem,1
776410,Balaieiro,1
261405,Crítico textual,1
415305,Codificador de dados clínicos,1
341250,Auxiliar de faroleiro,1
781305,Operador de rov,1
711405,Barranqueiro no garimpo,1
214740,Consultor técnico na extração mineral,1
842235,Capeador de charutos,1
632340,Cultivador de malva exclusive conta própria e empregador,1
632320,Ajuntador de buriti,1
712125,Operador de reagentes,1
